Workbook

Sheet Customers
A1: Customer ID | B1: Age | C1: Gender | D1: Membership Type | E1: Signup Date
A2: 1001 | B2: 58 | C2: Male | D2: Regular | E2: 45573
A3: 1002 | B3: 33 | C3: Male | D3: Regular | E3: 45396
A4: 1003 | B4: 52 | C4: Male | D4: Premium | E4: 45324
A5: 1004 | B5: 19 | C5: Male | D5: Regular | E5: 45530
A6: 1005 | B6: 50 | C6: Male | D6: Regular | E6: 45957
A7: 1006 | B7: 52 | C7: Female | D7: Regular | E7: 45751
A8: 1007 | B8: 55 | C8: Female | D8: Regular | E8: 45455
A9: 1008 | B9: 45 | C9: Female | D9: Premium | E9: 45451
A10: 1009 | B10: 31 | C10: Female | D10: Regular | E10: 45386
A11: 1010 | B11: 42 | C11: Male | D11: Premium | E11: 45644
A12: 1011 | B12: 56 | C12: Female | D12: Regular | E12: 45762
A13: 1012 | B13: 52 | C13: Male | D13: Premium | E13: 45372
... A301: 1300 | B301: 46 | C301: Female | D301: Regular | E301: 45754

Sheet Sheet4
A3: Product_Category | B3: Share of Order_Value
A4: Books | B4: 0.20189927
A5: Electronics | B5: 0.20401125
A6: Fashion | B6: 0.20234942
A7: Grocery | B7: 0.18709332
A8: Home | B8: 0.20464673

Sheet Sheet5
A3: City | B3: Sum of Order_Value
A4: Bengaluru | B4: 0.14245001
A5: Chennai | B5: 0.12848006
A6: Delhi | B6: 0.12815909
A7: Hyderabad | B7: 0.1153677
A8: Kolkata | B8: 0.11677213
A9: Mumbai | B9: 0.12385764
A10: Patna | B10: 0.10457851
A11: Pune | B11: 0.14033486

Sheet Sheet6
A3: Membership status | B3: Sum of Order_Value
A4: Premium | B4: 0.53083419
A5: Regular | B5: 0.46916581

Sheet Orders
A1: Order_ID | B1: Customer_ID | C1: Order_Date | D1: Delivery_Date | E1: Delivery time (days) | F1: City | G1: Product_Category | H1: Order_Value | I1: Membership status | J1: Payment_Mode | K1: Order_Status
A2: 5001 | B2: 1023 | C2: 46151 | D2: 46156 | E2: =D2-C2 -> 5 | F2: Kolkata | G2: Home | H2: 42461 | I2: =VLOOKUP(B2,Customers!$A:$D,4,FALSE) -> Regular | J2: COD | K2: Delivered
A3: 5002 | B3: 1206 | C3: 46038 | D3: 46047 | E3: =D3-C3 -> 9 | F3: Hyderabad | G3: Electronics | H3: 32430 | I3: =VLOOKUP(B3,Customers!$A:$D,4,FALSE) -> Regular | J3: Prepaid | K3: Delivered
A4: 5003 | B4: 1165 | C4: 46041 | D4: 46044 | E4: =D4-C4 -> 3 | F4: Bengaluru | G4: Electronics | H4: 8570 | I4: =VLOOKUP(B4,Customers!$A:$D,4,FALSE) -> Regular | J4: Prepaid | K4: Delivered
A5: 5004 | B5: 1167 | C5: 46172 | D5: 46182 | E5: =D5-C5 -> 10 | F5: Hyderabad | G5: Books | H5: 35070 | I5: =VLOOKUP(B5,Customers!$A:$D,4,FALSE) -> Premium | J5: Prepaid | K5: Delivered
A6: 5005 | B6: 1221 | C6: 46139 | D6: 46149 | E6: =D6-C6 -> 10 | F6: Mumbai | G6: Electronics | H6: 43207 | I6: =VLOOKUP(B6,Customers!$A:$D,4,FALSE) -> Premium | J6: COD | K6: Delivered
A7: 5006 | B7: 1117 | C7: 46133 | D7: 46142 | E7: =D7-C7 -> 9 | F7: Hyderabad | G7: Grocery | H7: 30020 | I7: =VLOOKUP(B7,Customers!$A:$D,4,FALSE) -> Premium | J7: Prepaid | K7: Delivered
A8: 5007 | B8: 1161 | C8: 46129 | D8: 46132 | E8: =D8-C8 -> 3 | F8: Hyderabad | G8: Grocery | H8: 43888 | I8: =VLOOKUP(B8,Customers!$A:$D,4,FALSE) -> Regular | J8: Prepaid | K8: Delivered
A9: 5008 | B9: 1243 | C9: 46118 | D9: 46122 | E9: =D9-C9 -> 4 | F9: Mumbai | G9: Electronics | H9: 5894 | I9: =VLOOKUP(B9,Customers!$A:$D,4,FALSE) -> Regular | J9: COD | K9: Delivered
A10: 5009 | B10: 1191 | C10: 46133 | D10: 46136 | E10: =D10-C10 -> 3 | F10: Bengaluru | G10: Books | H10: 4230 | I10: =VLOOKUP(B10,Customers!$A:$D,4,FALSE) -> Regular | J10: Prepaid | K10: Delivered
A11: 5010 | B11: 1182 | C11: 46054 | D11: 46062 | E11: =D11-C11 -> 8 | F11: Hyderabad | G11: Electronics | H11: 19150 | I11: =VLOOKUP(B11,Customers!$A:$D,4,FALSE) -> Regular | J11: Prepaid | K11: Delivered
A12: 5011 | B12: 1296 | C12: 46113 | D12: 46116 | E12: =D12-C12 -> 3 | F12: Patna | G12: Fashion | H12: 43339 | I12: =VLOOKUP(B12,Customers!$A:$D,4,FALSE) -> Regular | J12: Prepaid | K12: Delivered
A13: 5012 | B13: 1180 | C13: 46080 | D13: 46083 | E13: =D13-C13 -> 3 | F13: Chennai | G13: Electronics | H13: 18556 | I13: =VLOOKUP(B13,Customers!$A:$D,4,FALSE) -> Regular | J13: COD | K13: Delivered
... A1501: 6500 | B1501: 1144 | C1501: 46056 | D1501: 46058 | E1501: =D1501-C1501 -> 2 | F1501: Kolkata | G1501: Electronics | H1501: 16679 | I1501: =VLOOKUP(B1501,Customers!$A:$D,4,FALSE) -> Premium | J1501: Prepaid | K1501: Delivered

Sheet Sheet1
A3: Warehouse_ID | B3: Courier_Partner | C3: Average of Delivery time in days
A4: W01 | B4: Blue Dart | C4: 5.8777778
B5: Delhivery | C5: 6.12
B6: Ecom Express | C6: 6
B7: Xpressbees | C7: 6.1923077
A8: W01 Total | C8: 6.0462428
A9: W02 | B9: Blue Dart | C9: 6.2183908
B10: Delhivery | C10: 5.95
B11: Ecom Express | C11: 6.6039604
B12: Xpressbees | C12: 5.525
A13: W02 Total | C13: 6.1005435
A14: W03 | B14: Blue Dart | C14: 6.6976744
B15: Delhivery | C15: 5.6380952
B16: Ecom Express | C16: 6.4368932
B17: Xpressbees | C17: 6.4387755
A18: W03 Total | C18: 6.2806122
A19: W04 | B19: Blue Dart | C19: 5.4634146
B20: Delhivery | C20: 5.67
B21: Ecom Express | C21: 5.5333333
B22: Xpressbees | C22: 6.0841121
A23: W04 Total | C23: 5.7030457

Sheet Dashboard 1
A1: DASHBOARD : Sales & Insights

Sheet Sheet2
A3: Courier_Partner | B3: Average of Delivery time in days
A4: Blue Dart | B4: 6.0695652
A5: Delhivery | B5: 5.8419753
A6: Ecom Express | B6: 6.1472868
A7: Xpressbees | B7: 6.0798898

Sheet Sheet3
A3: Warehouse_ID | B3: Average of Delivery time in days
A4: W01 | B4: 6.0462428
A5: W02 | B5: 6.1005435
A6: W03 | B6: 6.2806122
A7: W04 | B7: 5.7030457

Sheet Logistics
A1: Order_ID | B1: Warehouse_ID | C1: Courier_Partner | D1: Delivery time in days | E1: Distance_KM | F1: Dispatch_Time_Hours | G1: Delivery Speed | H1: Delivery_Attempts
A2: 5006 | B2: W01 | C2: Blue Dart | D2: =VLOOKUP(A2,Orders!$A:$E,5,FALSE) -> 9 | E2: 1003 | F2: 22 | G2: =E2/F2 -> 45.590909 | H2: 3
A3: 5014 | B3: W01 | C3: Blue Dart | D3: =VLOOKUP(A3,Orders!$A:$E,5,FALSE) -> 4 | E3: 547 | F3: 2 | G3: =E3/F3 -> 273.5 | H3: 3
A4: 5032 | B4: W01 | C4: Blue Dart | D4: =VLOOKUP(A4,Orders!$A:$E,5,FALSE) -> 4 | E4: 1167 | F4: 18 | G4: =E4/F4 -> 64.833333 | H4: 1
A5: 5065 | B5: W01 | C5: Blue Dart | D5: =VLOOKUP(A5,Orders!$A:$E,5,FALSE) -> 7 | E5: 1665 | F5: 4 | G5: =E5/F5 -> 416.25 | H5: 3
A6: 5068 | B6: W01 | C6: Blue Dart | D6: =VLOOKUP(A6,Orders!$A:$E,5,FALSE) -> 3 | E6: 1847 | F6: 3 | G6: =E6/F6 -> 615.66667 | H6: 2
A7: 5069 | B7: W01 | C7: Blue Dart | D7: =VLOOKUP(A7,Orders!$A:$E,5,FALSE) -> 2 | E7: 409 | F7: 19 | G7: =E7/F7 -> 21.526316 | H7: 3
A8: 5081 | B8: W01 | C8: Blue Dart | D8: =VLOOKUP(A8,Orders!$A:$E,5,FALSE) -> 10 | E8: 879 | F8: 16 | G8: =E8/F8 -> 54.9375 | H8: 2
A9: 5107 | B9: W01 | C9: Blue Dart | D9: =VLOOKUP(A9,Orders!$A:$E,5,FALSE) -> 10 | E9: 581 | F9: 16 | G9: =E9/F9 -> 36.3125 | H9: 1
A10: 5108 | B10: W01 | C10: Blue Dart | D10: =VLOOKUP(A10,Orders!$A:$E,5,FALSE) -> 6 | E10: 1363 | F10: 20 | G10: =E10/F10 -> 68.15 | H10: 2
A11: 5115 | B11: W01 | C11: Blue Dart | D11: =VLOOKUP(A11,Orders!$A:$E,5,FALSE) -> 9 | E11: 700 | F11: 6 | G11: =E11/F11 -> 116.66667 | H11: 3
A12: 5120 | B12: W01 | C12: Blue Dart | D12: =VLOOKUP(A12,Orders!$A:$E,5,FALSE) -> 4 | E12: 1431 | F12: 20 | G12: =E12/F12 -> 71.55 | H12: 3
A13: 5135 | B13: W01 | C13: Blue Dart | D13: =VLOOKUP(A13,Orders!$A:$E,5,FALSE) -> 4 | E13: 872 | F13: 7 | G13: =E13/F13 -> 124.57143 | H13: 1
... A1501: 6492 | B1501: W04 | C1501: Xpressbees | D1501: =VLOOKUP(A1501,Orders!$A:$E,5,FALSE) -> 5 | E1501: 228 | F1501: 9 | G1501: =E1501/F1501 -> 25.333333 | H1501: 1
